 ,2000,2001,2002,2003,2004,2005,2006,2007,2008,2009,2010,2011,2012,2013,2014,2015
Afghanistan,3521418059.9,2813571753.9,3825701439.0,4520946818.5,5224896718.7,6203256538.7,6971758282.3,9747886187.4,10109297047.5,12416152732.1,15856668555.8,17805098206.3,19907329777.6,20146416757.6,20497128555.7,19134221644.7
Albania,3480355258.0,3922100793.5,4348068242.2,5611496257.1,7184685781.5,8052077248.1,8896075004.6,10677324852.9,12881352893.7,12044205549.7,11926926615.8,12890760315.1,12319834195.3,12776224497.0,13228147516.1,11386853113.0
Algeria,54790398570.3,59413400923.6,61516103406.2,73482264190.9,91913680985.2,107046618669.7,123084258693.0,142482739809.8,180383848331.1,150317292079.4,177785053939.5,218331946925.3,227143746075.9,229701430292.2,238942664192.6,187493855609.3
American Samoa,,,512000000.0,524000000.0,509000000.0,500000000.0,493000000.0,518000000.0,560000000.0,675000000.0,573000000.0,570000000.0,640000000.0,638000000.0,643000000.0,673000000.0
Andorra,1432606188.7,1548265808.1,1764279824.3,2366941808.9,2900245324.5,3161084091.1,3459337986.9,3957625367.2,4102319399.0,3688976340.8,3449925738.9,3629133574.3,3188652765.4,3193512950.0,3271685596.7,2789881258.5
Angola,9129594970.2,8936079117.7,15285592370.4,17812704586.4,23552057679.5,36970900883.8,52381025141.4,65266415494.3,88538665084.9,70307196181.7,83799474069.7,111789747670.6,128052915766.3,132339109040.2,135966802586.7,90496420506.6
Antigua and Barbuda,900551851.9,877514814.8,897988888.9,947955555.6,1026181481.5,1143714814.8,1303548148.1,1487300000.0,1557540740.7,1386444444.4,1298255555.6,1281337037.0,1327107407.4,1325425925.9,1378829629.6,1437755555.6
Argentina,284203750000.0,268696750000.0,97724004251.9,127586973492.2,164657930452.8,198737095012.3,232557260817.3,287530508430.6,361558037110.4,332976484577.6,423627422092.5,530158122010.4,545982375701.1,552025140252.2,526319673731.6,594749285413.2
Armenia,1911563668.9,2118467913.4,2376335048.4,2807061008.7,3576615240.4,4900469511.1,6384452066.5,9206301269.8,11662040713.9,8647937081.3,9260285755.6,10142111824.6,10619320682.9,11121464437.0,11609513246.8,10553337518.4
Aruba,1873452514.0,1896456983.2,1961843575.4,2044111731.8,2254830726.3,2360017318.4,2469782681.6,2677641340.8,2843024581.0,2553793296.1,2453597206.7,2637859217.9,2615208379.9,2727849720.7,2790849720.7,2962907262.6
Australia,416167815092.9,379629301675.1,395788696012.1,467739079790.3,614659980082.5,695692898676.6,748417562769.6,855007458585.2,1056112427190.4,928762122698.1,1148838233480.7,1398610616773.0,1547532281116.4,1577123329410.9,1468265356427.8,1351296372254.3
Austria,196181599831.3,196477206829.3,212837224022.8,260779834340.1,299210411454.8,313952317330.8,333905979332.5,386760177589.5,429234399096.2,399290118782.4,389827789217.6,428954737064.1,406750487603.6,426580502769.4,438556021078.0,379546097300.6
Azerbaijan,5272615723.0,5707616203.7,6236087738.3,7276413079.1,8680405740.9,13245421880.8,20981929497.6,33049419431.2,48851293785.4,44292427184.9,52909294791.9,65952796427.9,69679944504.2,74160560123.7,75239785452.1,53076235354.7
Bahamas The,8076470000.0,8317830000.0,8881160000.0,8870090000.0,9055290000.0,9836200000.0,10167250000.0,10618340000.0,10526000000.0,9981960000.0,10095760000.0,10070450000.0,10720400000.0,10395800000.0,10974100000.0,11671900000.0
Bahrain,9062898936.2,8976196808.5,9593510638.3,11074813829.8,13150159574.5,15968723404.3,18504760638.3,21730000000.0,25710904255.3,22938218085.1,26805984042.6,29914680851.1,31963404255.3,33823324468.1,34772526595.7,32523297872.3
Bangladesh,53369787318.6,53991289844.3,54724081490.5,60158929188.3,65108544250.0,69476001239.4,71795736172.2,79611644974.6,91636997371.0,102475158191.0,115275540051.3,128607482310.4,133310747603.5,149998957434.2,172886611653.8,195146608978.1
Barbados,3059500000.0,3054500000.0,3106500000.0,3209500000.0,3444500000.0,3819500000.0,4217323400.0,4675767950.0,4790410400.0,4466809600.0,5191188500.0,5342183800.0,5271257500.0,5361158350.0,5365976700.0,5288057750.0
Belarus,12736780455.2,12354820143.9,14594900944.8,17825444724.5,23141566292.9,30210091836.8,36961894281.3,45275711995.8,60752106347.1,50873167326.0,57231904542.9,61762382327.9,65685890438.9,75527558966.4,78812805039.1,56454889146.6
Belgium,236792460312.5,236746141604.4,258383599375.2,318082528506.6,369214712443.2,385714762230.0,408259840868.8,470922156309.5,517328087920.1,485014525992.5,481556503720.0,527196649048.6,498414364945.0,524097026598.6,537987419164.4,461044767544.5
Belize,1138900000.0,1172800000.0,1244650000.0,1308900000.0,1400850000.0,1474950000.0,1591150000.0,1707100000.0,1738900000.0,1688500000.0,1745700000.0,1827050000.0,1909400000.0,2032750000.0,2138250000.0,2193050000.0
Benin,3519991440.5,3666222635.1,4194342686.2,5349258094.5,6190270380.5,6567654954.4,7034111314.9,8169048382.8,9787734526.2,9738626517.0,9535345011.5,10693321370.0,11141358106.0,12517845127.7,13284527850.3,11388160997.1
Bermuda,3480219000.0,3680483000.0,3937228000.0,4186525000.0,4484703000.0,4868136000.0,6144000000.0,6767000000.0,6980000000.0,6656000000.0,6634526000.0,6312691000.0,6378188000.0,6465756000.0,6413988000.0,6654541000.0
Bhutan,460733418.4,496110225.7,559345263.7,651935430.3,735348490.4,860391000.2,942879878.5,1255767964.0,1317517834.6,1331343797.8,1708880730.9,1977728659.3,1973387228.0,1943696951.8,2089079570.7,2187815803.8
Bolivia,8397855484.8,8141516928.4,7905485146.4,8082399639.5,8773451751.5,9549122905.3,11451844902.2,13120108008.3,16674276285.9,17339992193.7,19649723722.1,23963164696.6,27084497481.9,30659338885.7,32996188012.6,33000198248.1
Bosnia and Herzegovina,5567772768.8,5800615466.3,6728220886.6,8498894359.4,10156541538.4,11222796336.5,12864841906.0,15778734264.4,19112796623.1,17613949091.2,17176315803.7,18644233537.1,17226735995.7,18179108530.5,18558733564.5,16404348871.4
Botswana,5788329609.2,5489608299.7,5438863982.9,7511582173.4,8957467706.5,9918907108.1,9919158482.4,10567270655.5,10730829116.4,10118459242.3,12637273429.1,15110643612.2,13907464500.1,14271738933.2,15470088500.7,13530748844.5
Brazil,655448231983.5,559983634799.0,509795273806.7,558233745651.9,669289424806.3,891633839853.1,1107626541710.7,1397114486471.4,1695855083552.1,1666996438681.5,2208837745214.2,2616156223977.5,2465227803011.6,2472819535742.7,2456043727198.9,1802212206904.7
British Virgin Islands,,,,,,,,,,,,,,,,
Brunei Darussalam,6570999059.7,6096155747.6,6333082879.0,7167725264.8,8619178799.5,10547202612.4,12644616446.2,13432029495.7,15926456491.5,11912904529.1,13707121031.3,18524791070.7,19048443339.9,18094148099.5,17097797372.0,12930296852.5
Bulgaria,13245990274.5,14183446025.7,16403043849.8,21144957990.5,26157743368.9,29868657858.0,34380536495.7,44432811756.5,54480684188.4,52023801230.1,50760929302.5,57737040780.0,54288135058.8,55852123990.0,57157782909.9,50811995688.7
Burkina Faso,2968370087.6,3190371080.9,3622350063.0,4740768142.7,5451688537.6,6146353173.3,6547419820.4,7625722836.8,9451435490.1,9450696873.3,10109619740.7,12080295977.6,12561015156.6,13444300485.8,13943016076.7,11832159315.6
Burundi,870486065.9,876794723.1,825394519.4,784654423.6,915257323.4,1117113079.7,1273375078.4,1356199387.4,1611835857.0,1781455139.9,2032135192.0,2235820809.3,2333341334.5,2451606632.3,2705783329.8,3104003546.3
Cabo Verde,539227277.6,563090490.4,620507387.5,813260468.9,924940011.8,972241676.9,1107571457.9,1649621738.6,1959620648.3,1852334575.2,1824751467.9,2046817987.2,1913081210.4,2028910915.2,2041930125.4,1749857620.4
Cambodia,3694168979.3,4145665969.9,4501227626.6,5046693484.3,5883297159.9,7066296463.4,8350531016.7,10127916459.9,12174303999.1,12502901169.7,13808673288.1,16032622023.8,17826536699.8,19807135252.9,22041463967.9,24174170369.1
Cameroon,10566579295.0,10953485349.1,12417251350.5,15970315035.0,18826214135.6,19509852206.9,20910512974.9,23928250433.0,27715142032.9,27932970317.1,27507501821.0,30630910495.2,30155062329.3,33728621180.3,36386544706.1,32210233020.5
Canada,744773415931.6,738981792355.4,760649334098.0,895540646634.8,1026690238278.3,1173108598778.7,1319264809591.0,1468820407783.3,1552989690721.7,1374625142157.3,1617343367486.3,1793326630174.5,1828366481521.6,1846597421835.0,1805749878439.9,1556508816217.1
Cayman Islands,,,,,,,4200288241.2,4466278065.1,4585949023.8,4281714566.9,4156841107.4,4186073104.3,4291004524.0,4405796023.2,4562853611.4,4708167232.7
Central African Republic,916777282.7,932648604.8,996068144.9,1142315522.5,1272360517.3,1337894378.7,1461859762.3,1699811294.9,1993407888.5,2067381665.3,2142591540.4,2437982705.1,2510126512.2,1691544110.2,1894813389.4,1695825714.2
Chad,1388506771.6,1710843377.0,1997005708.8,2742815071.6,4422855660.8,6649307523.6,7428701453.9,8650137743.3,10393833765.4,9290728319.0,10668103554.1,12172308851.0,12367362757.1,12953534866.4,13940767218.6,10950392257.0
Channel Islands,6439703434.7,6232906290.5,6663669064.7,7332244898.0,8553643354.1,8827272727.3,9676172953.1,11514605842.3,,9100755659.6,8902070446.2,9649313947.2,9455340154.1,9594160920.3,10528493035.5,10109968847.0
Chile,78339750721.7,71574739561.4,70264045939.1,76492579644.1,99075985773.2,122294145162.8,153843518171.4,172491076033.9,179894594476.0,171777900623.2,217051209240.3,251382573885.6,267024782480.3,277395018837.4,259560978231.6,242450355827.8
China,1211331651866.1,1339400897105.1,1470557654800.0,1660280543846.8,1955346768721.4,2285961149879.9,2752118657184.0,3550327802998.4,4594336785737.7,5101691124285.2,6087191746679.5,7551545703440.8,8532185381680.6,9570471111831.7,10475624944355.2,11061572618578.7
Colombia,99875074951.0,98200641203.4,97945812802.9,94644969157.1,117092416666.2,145600529605.8,161792958904.9,206229540926.3,242504150472.9,232468663109.6,286498534095.0,334966134804.9,370691143018.0,382093697077.7,381240864422.4,293492370193.2
Comoros,351136579.6,378512024.1,425964681.0,546885222.7,633706110.8,653845169.2,698431793.9,795673152.9,915659108.0,905341172.7,907978730.9,1023086273.5,1015843490.8,1116224106.8,1149587661.0,966029600.9
Congo Dem. Rep.,19088046305.8,7438189100.3,8728038525.1,8937567059.9,10297483481.2,11964484465.9,14451901696.4,16737071816.4,19788515590.1,18648372553.1,21565721044.8,25839749199.4,29306235285.3,32679745048.4,35909040925.9,37917706497.2
Congo Rep.,3227927697.6,2796704604.0,3034250924.0,3503723087.7,4656974940.1,6650001680.5,8072305029.1,8782703436.7,11649857673.4,9723299915.3,13148396211.6,15655383576.7,17692911296.3,17958720699.1,17919321078.0,12434793867.4
Costa Rica,15013629661.9,15976174337.0,16578820687.3,17271760506.9,18610594846.2,20040642477.0,22715540324.3,26884700709.3,30801745700.5,30745714312.6,37658616951.8,42762613699.0,47231655431.7,50949668841.7,52016408854.3,56441920820.5
Cote d'Ivoire,16577533891.9,16810537043.8,18054383320.8,21251754340.4,23510575681.4,24036918703.2,25281413263.4,28760090953.3,34078240293.3,33886813250.2,34936307980.1,36693710801.4,36302302877.3,42760235484.6,48843005613.7,45815005169.3
Croatia,22134411297.5,23066883849.6,26757722428.7,35245317001.8,41836292157.3,45013119281.8,49590197656.5,59298265770.0,68478776206.0,62321642125.2,58981738868.8,62903737379.8,57551963753.2,59852401272.3,59612144078.4,51005200669.7
Cuba,30565400000.0,31682400000.0,33590500000.0,35901200000.0,38203000000.0,42643836100.0,48835925925.9,54262870370.4,56302129629.6,57481481481.5,59562962963.0,68990000000.0,73141000000.0,77148000000.0,80656100000.0,87132800000.0
Curacao,2120511229.1,2143450726.3,2160784692.7,2202117374.3,2237160502.8,2344637262.6,2457581731.8,2593831508.4,2833476145.3,2869153184.4,2951342793.3,2930092234.6,3012836257.0,3033568603.4,3059406983.2,3058779217.9
Cyprus,9985847313.9,10397898907.1,11420228846.2,14547329558.3,17320551250.0,18433412510.9,20072754986.8,23968727073.6,27844646257.5,26048179949.2,25799940077.6,27641547909.7,25047436974.7,23959712860.8,23225918260.0,19909278416.9
Czechia,62175642238.1,68135304464.0,82607869609.6,100435924704.9,120147899983.7,137264185596.1,156236258386.6,190040702286.9,236506264754.0,206971882704.7,211168667286.3,231429378717.3,210363223087.7,213024360541.1,210911285077.7,189107698561.9
Denmark,164043817223.6,164881594415.3,178788209558.3,218421193436.3,251986155630.9,265150087712.0,283386151543.7,320213157595.0,354979471960.1,322619152194.6,322345594075.5,344315595263.2,326792574245.0,344631016965.1,352832602064.5,301758922337.6
Djibouti,551230861.9,572417440.8,591122039.6,622044665.5,666072101.8,708633194.7,768873684.0,847918929.1,999105339.3,1049110684.7,1128611700.4,1239144501.8,1353632941.5,2042817162.9,2214679081.3,2424391785.4
Dominica,333470370.4,340203703.7,333196296.3,343311111.1,367200000.0,364255555.6,390251851.9,421374074.1,458188888.9,489074074.1,493825925.9,501025925.9,485996296.3,498296296.3,520429629.6,540737037.0
Dominican Republic,24305780628.7,25601823687.6,27137440786.3,21403167848.1,22322387382.5,35777560683.9,37879830084.3,43965458508.5,48122601530.3,48261078913.7,53860187258.0,58029773599.5,60681535652.5,62682159338.0,67179955677.3,71164826836.5
Ecuador,17539454727.4,23127055000.0,27054197000.0,30965208000.0,35194947000.0,40278849000.0,45690762000.0,49848725000.0,61139438000.0,60094978000.0,68151329000.0,78986648000.0,87735048000.0,96570334000.0,102717794000.0,97209558000.0
Egypt Arab Rep.,99838543960.1,96684636118.6,85146067415.7,80288461538.5,78782467532.5,89600665557.4,107426086956.5,130437828371.3,162818181818.2,189147005444.6,218983666061.7,235989672977.6,279116666666.7,288434108527.1,305595408895.3,329366576819.4
El Salvador,11784927700.0,12282533600.0,12664190300.0,13243892200.0,13724810900.0,14698000000.0,15999890000.0,17011750000.0,17986890000.0,17601620000.0,18447920000.0,20283780000.0,21386150000.0,21990960000.0,22593470000.0,23438240000.0
Equatorial Guinea,1045998496.4,1461139022.0,1806742742.3,2484745935.1,4410764338.7,8217369092.7,10086528698.9,13071718758.7,19749893536.3,15027795173.2,16314443436.3,21357343668.9,22388344143.9,21948834283.8,21765453082.0,13185496881.0
Eritrea,706370815.6,752371688.7,729321680.2,870248267.6,1109054005.4,1098424685.7,1211161879.7,1317974491.1,1380188800.0,1856695551.2,1589515447.2,2065001626.0,,,,
Estonia,5686579747.5,6250218422.7,7370119619.5,9876595528.5,12148595031.1,14109491356.8,17025671810.3,22450264166.4,24342935403.5,19633984440.1,19524355419.0,23303915794.8,23237406116.4,25451032780.8,27055689003.0,23311847750.9
Ethiopia,8242349617.9,8231326016.5,7850809498.2,8623691300.0,10131187261.4,12401139454.0,15280861834.6,19707616772.8,27066912635.2,32437389116.0,29933790334.3,31952763089.3,43310721414.1,47648276605.0,55612228233.5,64589328550.6
Faroe Islands,1067109530.6,1160268212.1,1275093689.3,1501941580.9,1724770770.8,1759739599.2,2017680834.9,2339015313.3,2489873249.6,2296065170.1,2331796784.4,2505740669.3,2427200388.9,2690110520.9,2914012679.3,2573905971.1
Fiji,1678219507.9,1652462023.5,1833279985.4,2300492465.3,2708078476.6,2980403844.7,3076305452.9,3378314599.8,3523185919.6,2870624635.7,3140166712.8,3779411899.4,3972028104.5,4189967998.5,4857104791.4,4682479912.1
Finland,125967821110.6,129519672868.9,140360963811.8,171612867735.7,197458297639.8,204859368790.7,217044068234.1,256360251537.6,285698662071.1,253480783439.5,249429613683.3,275126915515.6,257443384493.0,270268036626.3,273478528954.9,233210733506.3
France,1360959069477.5,1370376677298.9,1492427756382.4,1835095983049.1,2109792297237.0,2192146403028.2,2317861544690.8,2655816911866.6,2926802941585.9,2700075882519.0,2646230027988.3,2870408553990.3,2683007095787.2,2816077607875.3,2861236112552.4,2442483452642.5
French Polynesia,3599845480.3,3573808556.3,3965405552.5,4927780606.8,5564109981.9,5705052134.5,5877997979.6,6631156405.6,7136741422.0,6584557973.9,6086644798.6,6203940036.9,5692858099.0,6031827122.6,6151996560.8,5325846361.8
Gabon,5080483628.5,5023265413.3,5335451099.9,6511903365.5,7770219008.2,9582783990.9,10327598306.5,12455409587.3,15571348344.3,12113699068.3,14372593020.3,18210307743.6,17170464016.1,17595744798.3,18203966895.8,14383107762.7
Gambia The,782913871.8,687410645.1,578235309.3,487038685.0,961900651.4,1027701067.6,1054112487.7,1279703047.0,1561766955.7,1450142508.6,1543294926.9,1409693596.9,1415004738.3,1375609453.4,1229461721.4,1378176608.9
Georgia,3057475335.2,3219462262.0,3395766677.7,3991377904.1,5125365192.0,6410912049.9,7745250734.0,10172931088.6,12795145130.9,10766920065.8,12426907967.2,15475290469.3,16894392033.2,17517660143.7,17966015109.3,15223796148.8
Germany,1966980701145.1,1966381496641.7,2102350798305.9,2534715518349.0,2852317768061.8,2893393187361.9,3046308753670.6,3484056680854.9,3808786022312.5,3479800820863.3,3468154343000.0,3824828563521.4,3597896500945.3,3808086291482.4,3965800686309.8,3423568450957.0
Ghana,4982850662.2,5314872854.4,6166197847.9,7632723555.7,8881417906.7,10744568381.4,20885037596.7,24827339138.5,28679383241.1,26048720005.5,32197655566.5,39336668080.6,41271701061.0,62824629066.0,54783319817.4,49406010054.3
Gibraltar,,,,,,,,,,,,,,,,
Greece,125760166224.8,132050474720.0,150253800085.9,196930509813.4,234979615898.2,242315668619.4,269073415333.7,314226996944.1,351121399546.5,326829054686.3,296417644404.0,283228079776.0,238841140018.2,236556279640.7,233911581521.1,194567373678.1
Greenland,1068025016.0,1086170704.0,1169136716.0,1558759823.1,1822499769.2,1849802648.4,2013106929.5,2249811295.7,2499092314.4,2529963903.2,2503167187.5,2684461375.5,2609678486.4,2684946990.1,2842065708.4,2499113022.8
Grenada,520044370.4,520444185.2,540336925.9,591018407.4,599118592.6,695555555.6,698700666.7,758683592.6,825976037.0,771275555.6,771014814.8,778655555.6,799881481.5,842618518.5,911496296.3,997007407.4
Guam,,,3394000000.0,3569000000.0,3869000000.0,4213000000.0,4238000000.0,4397000000.0,4658000000.0,4828000000.0,4949000000.0,4984000000.0,5265000000.0,5399000000.0,5610000000.0,5799000000.0
Guatemala,19288929030.1,18405220247.4,20444205991.0,21576351798.9,23577298094.7,26783389293.9,29744246827.2,33567850824.1,38503720224.3,37126148264.6,40676578423.5,46876006272.2,49593929487.1,52996446269.4,57852153058.5,62186064718.7
Guinea,4367458866.7,4125527603.2,4301608752.5,5025167975.3,5300767960.5,4282468636.9,4220019845.3,6281918226.3,6964179983.2,6716905339.7,6853467145.5,6785137203.3,7638044556.8,8376613539.3,8778473372.8,8794201742.8
Guinea-Bissau,391345597.5,412610871.5,466773711.2,553614800.1,582169841.3,639776040.7,634781901.3,753162998.0,952667544.0,890167833.4,940112538.9,1157074319.2,1049412177.1,1109682824.1,1135250721.0,1152384166.8
Guyana,712667896.7,712167450.2,726131434.7,743063950.3,787814379.2,824880550.3,2379817990.7,2730971595.4,3025187433.3,3165663152.7,3432912516.9,3691384317.5,4063088535.8,4167800928.8,4127660151.8,4279840193.7
Haiti,6813566098.9,6331970324.3,6205847213.6,5071947798.3,6087360684.3,7030149730.3,7638739122.7,9228637767.7,10432962634.9,11597002834.8,11859312725.1,13008746038.9,13708925477.1,14902488604.2,15146883497.6,14849629308.6
Honduras,7186638029.1,7651162302.3,7858255412.9,8230391346.7,8869299234.3,9757012696.6,10917477066.1,12361257680.6,13881731875.7,14587496229.2,15839344592.0,17710275685.4,18528554397.6,18499729214.9,19756533971.9,20979791685.4
Hong Kong SAR China,171668891194.3,169404327616.6,166348866131.0,161385558801.8,169099768875.2,181569311742.2,193535442896.4,211596944503.8,219278749139.7,214047795659.0,228638668727.3,248513617677.3,262628865879.7,275696879835.0,291459995978.9,309385622601.3
Hungary,47218405892.4,53749989092.0,67608919144.4,85285062818.0,104120820258.7,113211158292.9,115715618613.1,140186716681.4,158325614580.6,131069255620.6,132175349953.7,141942264554.5,128814279315.1,135684315697.7,141033843265.7,125174166987.4
Iceland,9025660361.8,8234846804.6,9318395054.9,11429333037.8,13825302535.8,16852963067.0,17465318552.3,21652505596.8,18074622987.0,13154414219.2,13751161917.7,15221622925.9,14751508133.5,16125060515.3,17867662177.9,17517210519.1
India,468395521654.5,485440139204.2,514939140318.8,607700687237.3,709152728830.8,820383763511.4,940259888787.7,1216736438835.0,1198895139005.9,1341888016994.9,1675615519485.0,1823051829894.6,1827637590410.4,1856721507621.6,2039126479154.5,2103588360044.9
Indonesia,165021012077.8,160446947784.9,195660611165.2,234772463823.8,256836875295.5,285868619196.1,364570515618.4,432216737774.9,510228634992.3,539580085612.4,755094157594.5,892969104529.6,917869913364.9,912524136718.0,890814755511.0,860854232717.7
Iran Islamic Rep.,109591707801.4,126878750295.6,128626917504.4,151911222120.3,187754571246.7,224970371328.8,265602187406.2,349736591836.3,406070949550.9,414059094949.6,487069570461.4,629082257472.4,644019315003.5,500399839839.9,462284793280.8,409191686496.7
Iraq,48364250943.9,36176430128.8,32928454672.4,21921569478.8,36633669269.4,50065104667.8,65147051918.0,88837057319.5,131614434153.5,111657580326.3,138516722649.6,185749664444.4,218002476129.5,234637675128.6,228415656175.0,166774104959.1
Ireland,100207610429.9,109346669229.7,128596035288.4,164670771259.6,194372115041.1,211876989655.9,232180617162.3,270079279419.5,275447471451.1,236443117248.5,221985621537.5,241337364609.7,227270922957.3,243301556085.0,266787238499.0,302391428540.0
Isle of Man,1601050083.2,1668684324.2,1891002697.8,2252620408.2,2802206151.6,3032411026.9,3422733202.5,4466350655.9,5928791505.4,5486921247.1,5920369789.5,6565667052.8,6690228371.7,7001175622.7,7708454412.3,7084800892.2
Israel,136225025139.2,134620909004.4,125055466461.2,131314894271.1,139899274431.1,147103301914.1,158722866825.3,184068518293.1,220552442865.1,212453641380.4,238912622309.6,267406179630.4,262917911696.9,297634145181.9,314090281098.7,302722655203.5
Italy,1149661363439.4,1172041488805.9,1281746271196.0,1582930016538.8,1812808753294.8,1864982261286.9,1958563654385.6,2222524108127.7,2417508414187.2,2209484319012.7,2144936254535.0,2306974020278.2,2097929495121.7,2153225581941.5,2173255507985.8,1845428048839.1
Jamaica,9005064474.9,9194727831.1,9719009494.8,9430234810.8,10174664853.9,11243865777.7,11930179089.9,12799600047.2,13709401520.0,12120458114.8,13220549908.2,14444661522.1,14807086555.5,14264205152.6,13899217721.7,14188936958.4
Japan,4968359075956.6,4374711694090.9,4182846045873.6,4519561645253.5,4893116005656.6,4831467035389.8,4601663122649.9,4579750920354.8,5106679115127.3,5289493117993.9,5759071769013.1,6233147172341.4,6272362996105.0,5212328181166.2,4896994405353.3,4444930651964.2
Jordan,8460789844.9,8975814652.8,9582510578.3,10195627644.6,11411706629.1,12588998589.6,15056981664.3,17110437235.5,22658715989.3,24537876056.3,27133804225.4,29524149154.9,31634561690.1,34454440140.8,36847643521.1,38587017887.3
Kazakhstan,18291990662.0,22152689179.9,24636598527.4,30833692900.1,43151647002.6,57123671733.9,81003864630.0,104849915058.4,133441648852.0,115308686941.4,148047348240.6,192626464617.1,207998568865.8,236634603409.1,221415613595.5,184388404706.0
Kenya,12705350097.8,12986007425.9,13147736898.5,14904517649.8,16095337093.8,18737895512.7,25825512284.3,31958195182.2,35895153327.8,42347217912.9,45405615063.8,46869473150.6,56396704671.6,61671440407.8,68285796514.3,70120446896.8
Kiribati,74910555.3,64935847.5,74743892.2,96105634.7,104085862.4,113895467.7,112338362.5,138054961.9,147017897.7,140177363.7,165458478.2,195970104.4,207001557.8,201730847.8,200287275.6,191559398.2
Korea Dem. People's Rep.,,,,,,,,,,,,,,,,
Korea Rep.,576179387819.6,547656279894.6,627246933729.6,702714855193.9,793175561887.0,934901071333.0,1053216909887.6,1172614086539.9,1047339010225.3,943941876218.7,1143672241149.7,1253289537500.8,1278046536287.0,1370632955321.2,1484488526271.8,1466038936206.4
Kosovo,,,,,,,,,5181776768.7,5015894693.0,5343950556.1,6341613610.0,6163484244.6,6735328609.7,7074394734.9,6295848422.7
Kuwait,37718743480.1,34889559869.8,38135788413.8,47874582231.6,59439090600.6,80798630137.0,101557330723.4,114634043361.7,147379737229.8,105968691905.4,115416305425.4,154039231299.1,174047662555.4,174168116687.2,162650450784.7,114585555830.9
Kyrgyz Republic,1369688498.1,1525116370.3,1605643104.7,1919008090.5,2211534585.0,2460246766.4,2834168889.4,3802570552.6,5139958909.2,4690061380.6,4794361863.0,6197765984.3,6605142884.4,7335033800.6,7468102412.7,6678177511.7
Lao PDR,1731198022.5,1768619058.3,1758176653.1,2023324407.3,2366398119.9,2735558734.7,3455030061.0,4223152739.0,5446433157.4,5836137329.6,7131771014.7,8750104617.2,10192846339.4,11983252626.5,13279245886.4,14426380125.6
Latvia,7761252607.2,8190888739.6,9249030241.0,11244337719.8,13827070378.6,16306935905.4,20434922247.3,29420499247.7,34135200994.0,25691530442.0,23468324572.3,26575547900.8,27116149948.7,29152128167.8,30277203767.4,26344565876.9
Lebanon,17260364842.5,17649751243.8,19152238806.0,20082918739.6,21159827992.0,21497336498.8,22022709851.4,24827355014.9,29118916105.5,35399582928.7,38443907042.1,39927125961.5,44016799515.8,46880103080.6,48095213746.6,49929337836.8
Lesotho,887291687.9,825706961.2,775777238.6,1157825434.8,1511236655.5,1682343527.5,1800092563.8,1682131784.5,1766902709.2,1740894964.8,2234754241.9,2579409620.0,2477702216.3,2367112931.6,2441063054.1,2359686724.5
Liberia,874000000.0,906000000.0,927000000.0,748000000.0,897000000.0,949000000.0,1119000000.0,1373000000.0,1726000000.0,1768000000.0,1998000000.0,2398000000.0,2791614000.0,3177198100.0,3225652000.0,3227075700.0
Libya,38270954138.1,34112093927.3,20481889763.8,26265625000.0,33122307692.3,47334691241.5,60094231606.6,68032978390.6,86710767415.1,60808562033.4,75380825062.4,48169263294.1,92540938129.1,75351107029.1,57372355592.0,48717501321.3
Liechtenstein,2483889858.3,2491800558.8,2688618747.4,3070803051.4,3454373797.7,3659319116.9,4000102086.1,4601429897.2,5081479840.1,4504375348.1,5082337238.4,5739706004.9,5456102482.3,6391708310.7,6657526979.7,6268515276.2
Lithuania,11550695727.2,12260761329.3,14282292664.6,18809197969.5,22743164431.2,26105207115.3,30116192746.9,39729151614.7,47831254207.5,37494380038.9,36638128534.1,43186501862.8,42709372066.9,46303660422.0,48306546656.9,41540954817.2
Luxembourg,21230182989.3,21387533703.2,23649833332.2,29667268248.1,35064843792.9,37672280120.5,42910146296.1,51587401415.8,58844277701.5,54467289897.6,56213985987.4,61696281326.2,59776383527.4,65203276467.0,68804811897.6,60071584216.1
Macao SAR China,6774193548.4,6860272608.5,7371692774.4,8246479565.9,10643253553.2,12160056122.4,14874098691.9,18439981612.4,21027018332.7,21587786905.8,28241798491.6,36845888757.2,43189721377.0,51536595089.3,54902831793.5,45048190598.3
North Macedonia,3772859034.2,3709636030.7,4018365747.0,4946296599.1,5682784471.7,6258602872.7,6861226971.6,8336474973.7,9909552434.5,9401736825.4,9407170321.4,10494626767.6,9745261300.6,10817702346.1,11362265252.8,10064519962.6
Madagascar,4629247203.8,5438332601.9,5351701663.4,6372498889.7,5064732626.3,5859269752.6,6395712490.9,8524620889.6,10725137723.7,9616879409.4,9982711338.1,11551819617.9,11578975061.9,12423555455.4,12522957399.2,11323020701.3
Malawi,2537307580.3,2498008664.7,5087328437.9,4669789300.4,5058726350.5,5320409651.5,5818279739.1,6451210219.1,7743617352.2,9009887946.8,10128323010.6,11648142958.4,8773203178.2,8031571927.6,8801326169.1,9219474379.3
Malaysia,93789736842.1,92783947368.4,100845526315.8,110202368421.1,124749473684.2,143534405818.5,162692258307.1,193549569477.7,230811614370.4,202257453036.6,255017638455.6,297951668674.8,314443047642.1,323276235524.4,338066095097.3,301355266964.9
Maldives,624337145.3,870031676.8,897031250.0,1052121054.7,1226829562.5,1163362437.5,1575200390.6,1868383460.9,2271646187.5,2345294875.0,2588176054.7,2774350240.0,2886163997.2,3295009237.5,3697353039.2,4129505319.1
Mali,2961484953.9,3468337942.3,3908121307.0,4714071979.7,5454249125.7,6247515888.1,6905934217.9,8156468826.1,9838403100.5,10231962390.2,10689168016.3,12995112690.3,12442035339.1,13242690786.1,14364937124.1,13104764378.3
Malta,4036810072.1,4070867701.8,4455128822.7,5418313424.5,6104139672.8,6393234993.5,6749840217.7,7908417717.4,9135423330.2,8734741331.6,9097044160.9,9789361703.7,9609532088.9,10796782637.5,11888032872.4,11340795041.8
Marshall Islands,114838500.0,122406100.0,131960000.0,131128500.0,132900000.0,138000000.0,143200000.0,150500000.0,146600000.0,151200000.0,161100000.0,172300000.0,180700000.0,186400000.0,186000000.0,183700000.0
Mauritania,1779520886.5,1746063557.6,1777057481.3,2051147606.7,2362501023.2,2936019525.6,3919577285.9,4346212355.0,5206437193.8,4714595547.8,5628878798.0,6764627745.9,6728208836.2,7223071097.1,6592537781.8,6166863896.7
Mauritius,4726108622.5,4675755867.2,4906494249.4,5894873919.7,6667418752.1,6576108447.5,7028810680.9,8150150209.2,9990356673.7,9128843109.2,10003670690.3,11518413430.0,11668696396.8,12292974141.4,13074129952.1,12007291045.6
Mexico,742061329643.4,796064590656.2,810666116505.5,765549967703.3,819459227375.0,917571853529.1,1020265057882.0,1102355554972.0,1161553459715.1,943437415024.6,1105424238731.1,1229013703416.8,1255110424817.8,1327436290282.7,1364507717614.1,1213294467716.9
Micronesia Fed. Sts.,233271800.0,240970900.0,242517200.0,245432900.0,240236000.0,250281900.0,253541900.0,256787200.0,263145100.0,280284600.0,296944100.0,311301600.0,327248700.0,317214400.0,319271200.0,316489900.0
Moldova,1288429391.8,1480673594.1,1661818168.4,1980907434.8,2598249555.9,2988342907.0,3408255450.6,4401173151.9,6054824248.2,5439434271.8,6974982369.6,8414352020.5,8709138634.8,9496717875.5,9402090137.7,7797667196.7
Monaco,2654462665.3,2673723033.7,2919647981.8,3597089750.8,4043551488.8,4204652898.7,4586826512.7,5875790766.3,6502942244.9,5474379252.3,5367561569.6,6088689808.4,5742749294.0,6555591709.9,7070017323.7,6264756528.4
Mongolia,1136896123.6,1267997934.3,1396555720.0,1595297355.8,1992066808.1,2523471601.1,3414055661.6,4234999703.9,5623216608.0,4583850367.9,7189481998.9,10409797377.9,12292770631.6,12582122604.3,12226514668.1,11619892590.7
Montenegro,984293043.8,1159869245.9,1284685050.5,1707710053.1,2073234417.7,2257174480.8,2721903148.9,3680711743.8,4545674527.6,4159330369.5,4142983843.5,4544428421.5,4087526241.8,4465772400.4,4593853291.0,4054730077.6
Morocco,43017455401.8,43831480207.6,47077192187.6,58029363354.3,66114145451.0,68852658068.7,75883823300.9,86947913286.7,101822906949.1,101154952240.9,100865329473.4,110080631332.4,106937392311.1,115739287305.1,119130841411.7,110413823841.6
Mozambique,5930685214.6,5650154067.1,5950769426.6,6583526860.6,7937255565.4,8868504899.9,9509835536.9,10811456005.9,12920340964.7,12263894790.0,11411894723.9,14619279988.7,16688114144.1,17198073057.2,17978246586.1,16208985769.6
Myanmar,8905066163.6,6477790688.2,6777632512.1,10467109977.7,10567354056.4,11986972418.5,14502553709.8,20182477480.6,31862554101.9,36906181380.8,49540813342.5,59977326086.0,59937796648.2,60269732854.8,65531374199.7,59607290407.6
Namibia,3922232164.8,3557341215.2,3349169826.4,4926439383.5,6609205994.8,7248374837.7,8001779551.1,8839536476.0,8607431497.5,8938847189.1,11431412421.1,12523359440.5,13042053591.7,12043307277.1,12435430969.6,11335161083.5
Nauru,26930980.3,22613287.5,21017423.6,24778159.6,30587565.8,30070666.1,29200359.4,22766972.2,37602264.7,44176245.5,47562844.6,65444173.8,100794924.7,94385014.9,98752257.0,84383388.6
Nepal,5494252207.9,6007055042.2,6050875806.7,6330473096.5,7273938314.7,8130258377.9,9043715355.9,10325618017.4,12545438605.4,12854985464.1,16002656434.5,21573872420.7,21703100877.1,22162204924.6,22731612922.2,24360801286.8
Netherlands,417649282153.7,432536219668.9,475529972122.7,582435617082.0,661224886143.2,688133699635.8,737593995289.4,853499460872.6,957901566041.4,878954223140.2,852464982433.3,913140741332.7,845689017065.6,883951539006.7,901556501756.5,775743675302.7
New Caledonia,3420032041.1,3297734891.1,3740056747.7,4915353827.1,5895008978.0,6238629487.0,6979155387.9,8819917180.3,9067619760.1,8704438102.2,9364350076.9,10351448004.8,9659151917.4,10151382933.2,10635035594.8,8738203074.4
New Zealand,52623281956.7,53872425916.6,66627729311.4,88250885550.3,103905210084.0,114720129550.1,111538810712.7,137188946865.6,133131369930.4,121373602348.7,146517541181.3,168295307149.5,176210710655.2,190909855416.3,201337554959.5,178104220784.9
Nicaragua,5109587050.0,5351752034.2,5223727302.5,5322228350.6,5792932838.4,6321324455.2,6763688874.6,7423419479.8,8496948184.4,8298687305.7,8758572306.3,9774320144.0,10531980451.2,10982954744.4,11880433902.9,12756685550.3
Niger,2241753192.8,2448714704.0,2782192878.7,3394084732.5,3760443737.5,4383315964.6,4756361252.4,5731485051.8,7297600226.0,7352131309.7,7851192502.3,8772950777.8,9426912647.6,10224897437.9,10862943543.5,9683867926.4
Nigeria,69171451627.2,73557840064.5,95054059302.7,104738954264.2,135764731645.6,175670569969.3,238454997161.5,278260846800.1,339476276257.8,295008835381.0,366990417129.0,414466676831.2,463971018239.3,520117180313.9,574183763411.5,493026682800.6
Northern Mariana Islands,,,1284000000.0,1239000000.0,1210000000.0,1061000000.0,990000000.0,938000000.0,939000000.0,795000000.0,799000000.0,729000000.0,746000000.0,772000000.0,832000000.0,910000000.0
Norway,171457201936.0,174239354071.0,195914852576.5,229385469337.0,265268662473.3,309978579743.9,346915160681.7,402643260487.6,464917553191.5,387976400617.0,431052143940.4,501360549669.4,512777309841.0,526014468085.1,501736471832.8,388159512245.5
Oman,22259557867.4,22205721716.5,23065539661.9,24733680104.0,28378933680.1,35506892067.6,42577633290.0,48300390117.0,69804681404.4,55454096228.9,64993498049.4,77497529258.8,87408842652.8,89936020806.2,92699089726.9,78710793238.0
Pakistan,99484802344.5,97145618479.9,97923302809.4,112371913740.8,132216048339.4,145208562960.8,161871385506.4,184140869997.5,202203748583.9,187337783856.5,196709621849.6,230586581059.7,250106966104.7,258657231672.4,271390474857.6,299963590534.8
Palau,149535800.0,159453500.0,162665500.0,154559900.0,166391600.0,191048400.0,193679700.0,200903600.0,201167300.0,189998000.0,188174300.0,198873900.0,215762400.0,225345718.8,243156484.4,278824781.3
Panama,11966497000.0,12252906300.0,12800851300.0,13603456000.0,15100203400.0,16623906700.0,18659721500.0,21717433800.0,25721328000.0,27791215500.0,30231009500.0,35687738300.0,41595439700.0,46949496500.0,51427104900.0,55767806100.0
Papua New Guinea,3521339699.1,3081024212.4,2999511040.2,3536411824.3,3927157867.0,4865892972.3,8354911040.7,9545028944.3,11670892800.5,11619456449.3,14250786674.8,17985138065.9,21295168665.7,21261338064.9,23210823987.3,21723437010.1
Paraguay,8855705139.6,8495806432.2,7196260656.8,7691367471.2,9624440836.3,10737500188.1,13429430050.3,17856393235.4,24615267663.5,22355151162.0,27260886405.2,33756238766.5,33271921136.3,38501122141.4,40377929295.6,36211447840.1
Peru,51744749133.2,52030158775.4,54777553515.1,58731030121.9,66768703497.6,76060606060.6,88643193061.7,102170981144.1,120550599815.4,120822986521.5,147527631520.7,171761737046.6,192650021648.6,201175543571.4,200786250582.9,189802976285.6
Philippines,83669788254.7,78921234457.5,84307345887.5,87039092974.2,95001999685.3,107419977318.2,127652926368.1,155980408673.4,181624626327.4,175974755881.4,208368893151.1,234216730295.9,261920540972.1,283902828581.7,297483555344.8,306445871246.7
Poland,172953527033.0,191823200371.3,199694463255.6,218561225998.5,256268656145.1,306999913150.5,345897630736.2,429715132137.5,535612030671.9,440891472247.1,478111630683.5,527848543023.5,498148649702.7,518179836405.4,542134167178.6,480054118583.4
Portugal,118605192877.4,121604107165.0,134795565549.4,165226175536.8,189382122532.2,197253876704.9,208756449275.8,240496147317.4,263416394624.1,244667762835.5,238443864993.2,245426767676.0,216536676772.0,226677408291.7,230078616299.7,199038523119.6
Puerto Rico,61701800000.0,69208400000.0,71623500000.0,74827400000.0,80322313000.0,83914521300.0,87276164400.0,89524131600.0,93639300000.0,96385600000.0,98381300000.0,100351700000.0,101564800000.0,102450000000.0,102445800000.0,103375500000.0
Qatar,17759890109.9,17538461538.5,19363736263.7,23533791208.8,31734065934.1,44530494505.5,60882142857.1,79712087912.1,115270054945.1,97798351648.4,125122306346.2,167775268626.4,186833502362.6,198727642967.0,206224598571.4,161739955576.9
Romania,37253739511.1,40395116581.5,46065502702.6,57806384143.2,74973656851.8,98454380120.1,122023735992.7,174588782938.6,214315932061.3,174110532658.9,170064350671.8,192623977894.2,179117323107.1,189798603751.2,199722319675.7,177885131240.3
Russian Federation,259710142196.9,306602070620.5,345470494417.9,430347420184.9,591016690732.4,764015973481.1,989932071352.5,1299703478481.7,1660848058303.1,1222645900055.7,1524916715224.0,2045922753398.0,2208293553878.4,2292470078346.2,2059241589895.0,1363482182197.7
Rwanda,2068836754.4,1966600715.5,1966003468.5,2138237278.7,2376496067.0,2933819766.2,3319784538.7,4070507894.6,5179854064.6,5674476969.1,6124756654.1,6884913658.1,7654761573.5,7819963715.8,8238966063.9,8543759677.6
Samoa,258856139.8,266299591.5,281790134.2,333426188.4,407747565.1,476801793.2,499923757.8,573548459.8,641346191.7,628006115.4,680260907.2,744097050.2,773141661.2,797736334.3,796683519.6,824150498.7
San Marino,1007661366.7,1059529812.4,1148872072.4,1462590266.6,1715340543.0,1786514058.2,1909765165.4,2188654628.4,2403213305.0,2064277126.4,1881191925.3,1813717438.7,1604701299.4,1678741475.1,1673911426.2,1419401070.6
Sao Tome and Principe,76198394.8,75951133.4,85171073.9,102085769.1,114582283.9,136450662.4,142775104.1,149146918.9,188021165.0,200668065.0,190021192.5,226455001.2,229371348.2,267041747.6,293119143.2,259999643.0
Saudi Arabia,189514933333.3,184137600000.0,189605866666.7,215807733333.3,258742133333.3,328459608764.1,376900133511.3,415964509673.1,519796800000.0,429097866666.7,528207200000.0,676634666666.7,741849866666.7,753864533333.3,766605866666.7,669484266666.7
Senegal,6013185004.0,6507824829.3,7006402319.8,8768721563.2,10076816666.6,11009033437.9,11697918243.0,13994218413.0,16853989627.5,16145867494.9,16121315909.1,17814283639.3,17660870411.5,18918667724.9,19797253440.3,17774766696.2
Serbia,7326373882.1,13599378662.0,17930583571.3,23593044417.5,26845632341.8,28334256180.9,33298057361.7,44888028946.1,54220641201.6,46955984409.7,43536629233.1,51251098408.1,45103269969.4,50455529604.1,49114321280.3,41297410635.0
Seychelles,654212394.3,662064155.9,742134837.5,750847230.1,893012218.2,977899381.8,1081441283.3,1077308813.8,979597394.3,850901620.4,981616542.3,1058918707.3,1089407839.2,1333160407.4,1387577870.1,1432403352.1
Sierra Leone,635866403.8,1681473752.4,1933864034.2,2142618349.8,2237350963.3,2545275312.6,2912986118.1,3326853435.6,3835603778.6,3784165906.1,4033122830.1,4587078913.1,5927684219.2,7697098118.2,7845456215.3,6651626733.6
Singapore,96076539925.7,89793790669.7,92538372869.7,97646401095.6,115033593101.0,127807848728.4,148627286361.4,180941701358.0,193617323539.2,194150283771.6,239807980591.2,279356499090.5,295092888076.6,307576360585.0,314863580758.5,307998545269.4
Sint Maarten (Dutch part),,,,,,,,,,854972067.0,892290502.8,936089385.5,985865921.8,1022905027.9,1361811508.4,1417888715.1
Slovak Republic,29215726004.8,30726659551.0,35243658398.8,46616149116.7,57215475076.3,62547753148.5,70751813443.0,86587749518.0,100830060552.9,89342984697.5,91112160800.8,99705104723.4,94724394278.1,99134277850.3,101713075598.9,89178548717.3
Slovenia,20159190701.7,20668868706.8,23214593516.2,29360575031.8,34156553313.4,35947936823.8,39260368837.0,47880266542.6,55509332322.4,49975540954.8,47793117240.9,51199194599.3,46167053954.3,47867056858.9,49514466379.6,42709468274.8
Solomon Islands,419842674.2,409508553.0,346406738.9,417668983.4,468005318.6,552864570.2,617258154.3,695295347.6,776337691.8,805557562.6,898133684.9,1063895360.7,1185215418.3,1285911586.1,1335571420.7,1307909887.6
Somalia,3412797450.2,2252847464.7,2192684134.6,2836724351.6,3859592813.1,4683246454.1,5026743282.0,5430713728.9,5913620292.9,2948594552.4,2687807003.7,2906000096.9,4364670160.0,5062881613.1,5728399710.6,6152149080.0
South Africa,151752757215.3,135429905922.5,129087556612.4,197018965308.7,255806908594.6,288867217196.5,303858675363.6,333077117253.7,316131258616.3,329754060647.1,417363822801.7,458199494830.8,434400545085.8,400886013595.6,381198869776.1,346709790458.6
South Sudan,,,,,,,,,14586253383.1,12231264525.1,14602072411.0,14907308932.8,11931472169.5,18426469016.9,13962212847.5,11997800760.2
Spain,598102854756.1,627798682378.7,708938227243.9,907963217057.6,1069829382514.7,1154667551775.9,1261846683275.3,1476746276854.5,1636115447612.5,1496587590847.7,1427989078916.7,1487568659241.3,1330994811670.3,1362186923157.7,1380244561362.0,1206164777553.1
Sri Lanka,16330814180.0,15749753804.8,16536535647.1,18881765437.2,20662525941.3,24405791044.8,28279802405.9,32350238760.4,40713826215.0,42066224093.0,58636161081.7,67753284043.9,70447216891.3,77000578167.4,82528535713.9,85140955388.9
St. Kitts and Nevis,421695769.8,458643829.0,481077373.7,469869869.9,506900000.0,547203703.7,644414814.8,689285185.2,777692592.6,774274074.1,778718518.5,836092592.6,824585185.2,874548148.1,952111111.1,957222222.2
St. Lucia,932592592.6,892592592.6,900000000.0,987407407.4,1066666666.7,1135555555.6,1268319185.2,1336088814.8,1437731111.1,1401507888.9,1482385185.2,1568370370.4,1598207407.4,1660222222.2,1749185185.2,1807629629.6
St. Martin (French part),,,,,,,,,,,,775875748.5,,,772921958.5,
St. Vincent and the Grenadines,427946037.0,462072333.3,487763851.9,509090888.9,549900185.2,579948925.9,643501148.1,713596666.7,732663259.3,714300259.3,720447888.9,713796370.4,730032592.6,764781259.3,770900000.0,786555555.6
Sudan,12257299147.3,15716361792.2,18137128388.4,21355298459.6,26646007250.7,35182711988.0,45263831634.1,59440139774.8,64833083257.1,51621044076.9,58962978034.5,55018567210.5,37632919966.7,43024018082.2,49516748618.0,51726758676.8
Suriname,947671969.7,834279357.8,1093574468.1,1274190311.4,1484092538.4,1793410397.4,2626380435.2,2936612021.9,3532969034.6,3875409836.1,4368370997.9,4422276621.8,4980000000.0,5145757575.8,5240606060.6,5126237646.2
Eswatini,1738093840.4,1542477308.9,1432221739.1,2197598466.3,2770082791.5,3178112498.7,3291330019.2,3469381231.5,3294084314.2,3580428052.8,4438765085.9,4820478680.2,4886551483.9,4418333192.5,4250545460.9,3878174403.6
Sweden,262905197441.7,242499249692.6,267373345246.5,334074051173.0,384547211147.2,391690329314.5,422530427475.5,490050156832.6,514616528348.8,434313804907.4,492753255885.7,570541353128.7,549742183874.4,584128116410.3,577730245154.2,501698263620.7
Switzerland,279216033870.2,286582672434.2,309301422430.4,362075086507.8,403912891033.4,418284865885.0,441634672196.5,490740715594.8,567267767519.2,554212916092.3,598851028906.6,715888126682.4,686420221558.0,706234937371.0,726537808338.0,694118186379.6
Syrian Arab Republic,18937052543.4,20237024724.7,20669357462.4,21828144686.0,25086950495.0,28858965517.2,33751788856.3,40465318382.1,52557913569.0,54111735628.7,61390830874.7,67539428159.4,43190318032.6,21361254635.1,21502061465.9,16466863117.0
Tajikistan,860541842.3,1080772551.3,1221106220.3,1555318261.4,2076176869.4,2312352020.7,2830213848.6,3719524540.9,5161299725.3,4979472364.5,5642221099.2,6522756255.0,7633036903.1,8448411318.3,9112605459.3,8271431485.1
Tanzania,13371767081.7,13563990022.4,14129651895.7,15211487708.8,16673062473.4,18395383647.5,18619859795.3,21860434823.5,27947821397.9,29400573553.6,32012892919.4,34657140096.5,39650394362.9,45648857242.3,49986726460.7,47413919817.1
Thailand,126392224253.8,120296476180.4,134300904400.0,152280615245.9,172895685154.7,189318408468.6,221758296021.6,262942621455.1,291382982431.0,281710630187.3,341104766329.2,370818739623.6,397558325278.6,420333654592.5,407339040197.7,401296238228.1
Timor-Leste,366924300.0,477443500.0,469455500.0,490439100.0,440772000.0,462268000.0,453792400.0,542795400.0,648523600.0,726937800.0,881909300.0,1042534600.0,1160555000.0,1395727400.0,1447535200.0,1590282400.0
Togo,2106848752.3,2093498674.5,2410199032.4,2987984051.0,3191561508.7,3221910408.5,3320907721.7,3759964943.4,4578849658.0,4721890900.2,4746389531.7,5422442166.4,5413544658.4,6021732977.3,6393318261.8,5755461035.4
Tonga,204848470.1,181117222.0,182764260.1,202246611.8,230677994.6,261823827.4,292232681.6,298519618.1,344438839.6,312415046.4,366887376.6,414143823.2,471122970.9,451788486.9,440997738.0,437525514.2
Trinidad and Tobago,8154342116.1,8824849191.0,9008298228.6,11305459802.1,13280291989.6,15982389018.4,18369361094.4,21641620049.9,27871587349.5,19172165225.5,22157920592.4,25433007437.2,27334568806.2,28709859468.9,29697674913.5,27026750553.0
Tunisia,21473528160.8,22065832448.9,23141616604.5,27453902261.5,31183885241.4,32272186694.8,34376664600.6,38915353866.8,44859439902.2,43455740497.3,46206091938.0,48123325825.1,47311401812.7,48685446414.0,50271812920.6,45779494041.9
Turkiye,274294623164.0,201753123806.7,240249071871.1,314595572145.8,408865430220.3,506314717661.7,557076157773.5,681321124295.9,770449132861.4,649289324627.7,776967266305.5,838785289694.4,880555885492.3,957799120008.3,938934609297.0,864313810469.0
Turkmenistan,2904663311.0,3534772732.4,4462029108.7,5977440582.8,6838351088.5,8103901996.4,10276674364.9,12664165103.2,19271523178.8,20214385964.9,22583157894.7,29233333333.3,35164210526.3,39197543859.6,43524210526.3,35799714285.7
Turks and Caicos Islands,,358744800.0,366707900.0,409753600.0,485598800.0,578645800.0,721891500.0,773489700.0,862683600.0,703175800.0,686787800.0,728789600.0,727161000.0,754238000.0,841070000.0,942070000.0
Tuvalu,15073975.5,13964732.3,16842672.6,19456338.0,22798275.0,22909979.8,24096875.5,28450168.7,31874434.9,28076984.0,32105408.5,39196957.5,39345579.5,38615890.6,38760982.7,36811936.1
Uganda,6193246837.1,5840503868.5,6178563591.1,6606884275.2,7939487547.8,9239221763.1,9977647683.0,11902564494.9,14440404132.2,25127805566.7,26673441430.8,27871725241.5,27305915910.8,28915786516.6,32612397257.4,32387183730.1
Ukraine,32375083934.8,39309580983.2,43956163612.0,52010355753.0,67220154164.3,89238865118.5,111884752475.2,148733861386.1,188110390659.5,121552153444.1,141209170427.2,169333835201.6,182591753827.9,190498811460.0,133503871861.7,91030967789.1
United Arab Emirates,104337372362.2,103311640571.8,109816201497.6,124346358066.7,147824370319.9,180617467964.6,222116541865.2,257916133424.1,315474615738.6,253547358747.4,300189052694.0,360832739558.4,384610125384.0,400218529747.6,414105366758.9,370275469560.2
United Kingdom,1665534876683.3,1649827263567.0,1785729916067.2,2054422857142.9,2421525082387.4,2543180000000.0,2708441582336.7,3090510204081.6,2929411764705.9,2412840006231.5,2485482596184.7,2663805834828.1,2707089726614.6,2784853502534.3,3064708247921.4,2927911140916.7
United States,10250952000000.0,10581929000000.0,10929108000000.0,11456450000000.0,12217196000000.0,13039197000000.0,13815583000000.0,14474228000000.0,14769862000000.0,14478067000000.0,15048971000000.0,15599732000000.0,16253970000000.0,16880683000000.0,17608138000000.0,18295019000000.0
Uruguay,22823270892.1,20898761742.2,13606515722.6,12045638351.9,13686329890.1,17362857683.9,19741420739.9,23797773024.4,31119602538.8,32708319077.5,41950361212.0,50342406067.1,54232266358.8,61337621933.8,61496186973.9,57680327998.7
Uzbekistan,13760513969.3,11401421329.2,9687788512.8,10134453435.5,12030023547.9,14307509838.8,17330833852.9,22311393927.9,29549438883.8,33689223673.3,49765676402.4,60178909297.2,67517349212.1,73180037914.9,80845385809.5,86196264755.3
Vanuatu,272014627.8,257926881.7,262596535.5,314471413.0,364996869.1,394962433.0,439358586.5,516392922.5,590748429.4,592622319.1,670712979.7,770153588.2,747839697.7,758304466.2,772315983.8,730870803.0
Venezuela RB,117146466002.7,122911036746.7,92893587733.7,83620628582.1,112451400425.0,145513489651.9,183477522123.9,230364012575.7,315953388510.7,329787628928.5,393192354510.7,316482190800.4,381286237847.7,371005379786.6,482359318767.7,
Viet Nam,31172518403.3,32685198808.6,35064105500.8,39552513231.9,45427854693.3,57633255738.2,66371664817.0,77414425532.2,99130304099.1,106014659565.2,147201173197.0,172595049183.9,195590661129.2,213708811665.3,233451469642.5,239258328381.7
Virgin Islands (U.S.),,,3262000000.0,3443000000.0,3797000000.0,4428000000.0,4484000000.0,4784000000.0,4244000000.0,4201000000.0,4324000000.0,4223000000.0,4089000000.0,3738000000.0,3565000000.0,3663000000.0
West Bank and Gaza,4313600000.0,4003700000.0,3555800000.0,3968000000.0,4603100000.0,5125700000.0,5348300000.0,5815700000.0,7310400000.0,8085700000.0,9681500000.0,11186100000.0,12208400000.0,13515500000.0,13989700000.0,13972400000.0
Yemen Rep.,9679316770.2,9852990693.0,10693430511.5,11777532662.0,13867634371.5,16731566717.2,19063143369.9,21650528674.1,26910855807.3,25130278212.6,30906749533.2,32726417878.4,35401331609.6,40415233436.2,43228585321.3,42444489522.2
Zambia,3600632111.4,4094441301.2,4193850445.4,4901869764.1,6221110219.5,8331870169.1,12756858899.3,14056957976.3,17910858637.9,15328342304.0,20265559483.9,23459515275.6,25503060420.0,28037239462.7,27141023558.1,21251216798.8
Zimbabwe,6689957600.0,6777384700.0,6342116400.0,5727591800.0,5805598400.0,5755215200.0,5443896500.0,5291950100.0,4415702800.0,9665793300.0,12041655200.0,14101920300.0,17114849900.0,19091020000.0,19495519600.0,19963120600.0
"Created from: World Development Indicators
Series : GDP (current US$)



",,,,,,,,,,,,,,,,
